,product_name,product_url,product_price,product_rating,product_review_count
0,American Tourister 32 Ltrs Black Casual Backpack (AMT FIZZ SCH BAG 02 - BLACK),https://www.amazon.in/gp/bestsellers/luggage/ref=sr_bs_0_luggage_1,"1,199",4.0,"52,313"
1,Wesley Milestone 2.0 Casual Waterproof Laptop Backpack/Office Bag/School Bag/College Bag/Business Bag/Travel Backpack (Dimensions:13x18 inches) (Compatible with 39.62cm(15.6inch laptop) 30 L (Blue & black),https://www.amazon.in/gp/bestsellers/computers/1375464031/ref=sr_bs_1_1375464031_1,565,4.3,"9,817"
2,ADISA 15.6 inch Laptop Backpack Office Bag College Travel Back Pack 32 Ltrs (z-Navy Blue),https://www.amazon.in/ADISA-Laptop-Backpack-Office-College/dp/B09TPX22NF,499,3.8,567
3,Lavie Sport Lino Large Size 63 cms Wheel Duffle Bag for Travel | Travel Bag with Trolley,https://www.amazon.in/Lavie-Sport-Duffle-Luggage-Trolley/dp/B097RJ22Q3,949,3.9,"6,308"
4,Skybags Brat Black 46 Cms Casual Backpack,https://www.amazon.in/Skybags-Brat-Black-Casual-Backpack/dp/B08Z1HHHTD/ref=ice_ac_b_dpb,659,4.1,"3,778"
5,"Half Moon 35L Water Resistant 15.6 inch Laptop Bag for Men/Backpack for Men, Navy Blue | Office Bag for Men/Office Bag for Women with Padded Laptop Compartment | Rain Cover & Reflective Strips",https://www.amazon.in/Half-Moon-Waterproof-Backpack-Students/dp/B085MHDJ93,689,3.9,"15,254"
6,SAFARI 15 Ltrs Sea Blue Casual/School/College Backpack (DAYPACKNEO15CBSEB),https://www.amazon.in/SAFARI-Ltrs-Casual-Backpack-DAYPACKNEO15CBSEB/dp/B07Q7CNPMV,299,4.0,"18,019"
7,Gear CarryOn 16L Foldable Water Resistant School Bag//Backpack/College Bag for Men/Women - Blue Black,https://www.amazon.in/GEAR-Black-Blue-Backpack-years/dp/B019HA8AYG,214,3.7,"6,058"
8,"American Tourister VALEX BLUE LAPTOP BACKPACK 28 Ltrs,Volume, LAPTOP COMPARTMENT, BOTTLE POCKET, FRONT ORGANIZER",https://www.amazon.in/American-Tourister-BACKPACK-COMPARTMENT-ORGANIZER/dp/B0BTD4FK9G,"1,299",4.1,8
9,Half Moon Strike 35L Unisex Spacious School/Laptop/College/Office Travel Backpack Bag for Men Women Boys & Girls with 15.6 inch Padded Laptop Compartment & Multiple Pockets,https://www.amazon.in/Half-Moon-Spacious-Backpack-Compartment/dp/B0BLVQ9NTD,699,3.7,116
10,Half Moon Large 37L Laptop Bag Backpack for menं Women Boys and Girls Luggage Travel Bags with 17.3 inches Laptop Compartment & Rain Cover,https://www.amazon.in/Half-Moon-Backpack-Compartment-Reflective/dp/B0BJ32LQ6X,849,3.9,"2,343"
11,"FUR JADEN Anti Theft Number Lock Backpack Bag with 15.6 Inch Laptop Compartment, USB Charging Port & Organizer Pocket for Men Women Boys Girls",https://www.amazon.in/Number-Backpack-Compartment-Charging-Organizer/dp/B09VTCNN75,689,3.9,"3,128"
12,"Mi Step Out 12 L Mini Backpack (Small Size, Black, Water Repellant)",https://www.amazon.in/Backpack-Small-Black-Water-Repellant/dp/B088XB5XY8,398,4.1,"8,164"
13,Gear Classic 20L Faux Leather Water Resistant Anti Theft Laptop Bag/Backpack for Men/Women-Brown,https://www.amazon.in/Gear-Classic-Leather-Backpack-LBPCLSLTH0201/dp/B07G4F6XFH,"1,075",4.4,"5,456"
14,"Safari Quill Laptop Backpack 26 Ltrs Water Resistant Fabric - Black, L (QUILL19CBBLK)",https://www.amazon.in/Safari-Laptop-Backpack-Resistant-Fabric/dp/B09B25Z8M2,799,3.9,719
15,ADISA Light Weight Laptop Backpack 32 Ltrs,https://www.amazon.in/ADISA-BP005-Weight-Casual-Backpack/dp/B07F3X45WZ,499,4.0,"5,651"
16,Wildcraft Turnaround Polyester 35 Ltrs Blue Laptop Bag (8903338054702),https://www.amazon.in/Wildcraft-Turnaround-Polyester-Laptop-8903338054702/dp/B012D51GXO,"2,075",4.3,"1,159"
17,Harissons Bags Volt 15.6 inch Office Laptop Backpacks for Men and Women,https://www.amazon.in/Harissons-Office-Laptop-Backpacks-Women/dp/B09D3YYYNG,"1,348",4.2,220
18,"Red Lemon BANGE Cyborg Laptop Backpack for Men Business Travelling Backpack with USB Charger Port,Weekender Carry-On laptop bag for men",https://www.amazon.in/Red-Lemon-Backpack-Travelling-Weekender/dp/B0B9WX3QD8,"2,999",4.1,32
19,Szeentp New Pattern Laptop Bag/Backpack Waterproof Black and Blue for School/College Guys by Szeentp,https://www.amazon.in/Pattern-Backpack-Waterproof-College-Szeentp/dp/B08ZJ7R8PZ,348,3.7,8
20,"AirCase Laptop bag Anti Theft Backpack for Office College & Travel fits upto 15.6"" Laptop/Macbook, Waterproof, Durable, Multi-Pockets, 180° open (Black)- 1 Yr warranty",https://www.amazon.in/Aircase-Backpack-Rucksack-Anti-Theft-Charging/dp/B07SX3X79F,"1,199",4.3,160
21,PLAYY BAGS Large 35 L Laptop Bag/Backpack for Men Women Boys Girls/Office School College Teens & Students(Navy Blue),https://www.amazon.in/PLAYY-BAGS-Backpack-College-Students/dp/B099N8JRVJ,599,3.3,111
22,F Gear Tycoon 27 Liters Laptop Backpack Sch Bag(Black),https://www.amazon.in/F-Gear-Tycoon-Laptop-Backpack/dp/B071XJ6XV5,"1,168",4.4,216
23,"F Gear Blow Laptop Backpack With Rain Cover 32 Liters (Black,Grey) Sch Bag",https://www.amazon.in/F-Gear-Blow-Laptop-Backpack/dp/B078J63VRY,931,4.3,"1,256"
24,SAFARI 46 cms Red Laptop/Casual/School/College Backpack (WANDERER19CBRED),https://www.amazon.in/SAFARI-26-5-Laptop-Backpack-WANDERER19CBRED/dp/B07NSCCGBK,"1,149",4.3,264
25,Tinytot School Bag School Backpack College Backpack Travel Backpack Office Backpack Multipurpose Backpack Picnic Bag for Boys & Girls,https://www.amazon.in/Tinytot-School-Backpack-College-Multipurpose/dp/B09C5J2MN7,589,4.3,292
26,"F Gear Blow Laptop Backpack With Rain Cover 32 Liters (Red,Grey) Sch Bag",https://www.amazon.in/F-Gear-Blow-Laptop-Backpack-Red/dp/B0749MPCFT,"1,096",4.4,281
27,"HARISSONS Bags Delta 39 L Polyester Black 15.6 inch Laptop Backpack with Built-in Rain Cover & Anti-Sweat Air Mesh | Office, Travel and Casual Laptop Bag with Detailed Organizers for Men & Women",https://www.amazon.in/Harissons-Backpack-Abrassion-Integrated-backstaps/dp/B07PBKQXCZ,"1,822",4.2,"1,589"
28,"uppercase Medium 17 Ltrs Vegan Leather (upto 14 inch) Laptop Backpack 2300EBP1 3x more water resistant sustainable bags with rain proof zippers for Men, Women, Boys and Girls, 750 Days warranty",https://www.amazon.in/uppercase-Backpack-2300EBP1-repellent-sustainable/dp/B0B69M182Q,"1,600",4.0,373
29,Urban Tribe Fitpack Neo Multipurpose 15.6 Inch| Water Repellent |26 Litres | Laptop Gym Backpack With Shoe Compartment For Men And Women (Beige),https://www.amazon.in/Blackpink-Backpack-Charging-Headset-College/dp/B09XMGJZH8,"1,598",3.8,43
30,"Chic Buddy Waterproof Wet Bag, Washable, Reusable for Travel, Beach, Pool, Stroller, Diapers, Dirty Gym Clothes, Wet Swimsuits, Toiletries",https://www.amazon.in/Chic-Buddy-Waterproof-Swimsuits-Toiletries/dp/B0B25B5PB6,289,4.4,281
31,Wesley Milestone 15.6 inch 25 L Casual Waterproof Laptop Backpack/Office Bag/School Bag/College Bag/Business Bag/Unisex Travel Backpack (Black),https://www.amazon.in/Wesley-Milestone-Waterproof-Backpack-Business/dp/B07NJRPJ6Q,498,4.3,"12,346"
32,VIP Polypropylene 48 Cms Travel Bag(DFENDEBRN_Brown),https://www.amazon.in/VIP-Endura-Puller-Brown-Duffle/dp/B0B527KJQZ,899,4.3,406
33,Lenovo Casual Laptop Backpack B210 39.62 cm (15.6) -inch Water Repellent Grey,https://www.amazon.in/Lenovo-Laptop-Backpack-15-6-Inch-GX40Q17227/dp/B075Y6SRMG,785,4.2,"54,767"
34,Gear Moderneco5 21L Water Resistant School Bag/Backpack/College Bag For Men/Women - Navyblue,https://www.amazon.in/Gear-Ltrs-Casual-Backpack-MDBKPECO50504/dp/B0757K36YV,390,3.9,"2,527"
35,"AirCase Sleeve Messenger Bag with Handle & Detachable Shoulder Strap |for Upto 14"" Laptop/ MacBook | 3-in-1 use | 3 Zippered Spacious Pockets | Durable Nylon Padded Fabric, for Men & Women (Black)",https://www.amazon.in/AirCase-C17-Laptop-Sleeve-Handle/dp/B07FJV79CX,778,4.1,"1,215"
36,Half Moon 34 L Water Resistant 15.6 inch Laptop Bag/Backpack for Men Women Boys Girls/Office School College with Padded Laptop Compartment (Grey),https://www.amazon.in/Half-Moon-Resistant-Backpack-Compartment/dp/B09GG53CSL,749,3.9,"1,217"
37,"Storite Stylish Small PU Leather Sling Cross Body Travel Office One Side Shoulder Bag for Men Women (25 cm x 11 cm x 20 cm, Coffee Brown)",https://www.amazon.in/Storite-Leather-Sling-Coffee-Brown/dp/B0983N9GXN,799,4.0,558
38,HEROZ Hacker 50 litres Nylon Travel Laptop Backpack Water Resistant Slim Durable Computer Book Bag Tracking Fits Up to 17.3-inch Laptop (058- All) (Grey & Red),https://www.amazon.in/HEROZ-Backpack-Resistant-Computer-17-3-inch/dp/B083N53TWB,"1,439",4.1,"3,717"
39,Gear Casual Backpack,https://www.amazon.in/Gear-Black-Casual-Backpack-MDBKPECO50104/dp/B0757MBSS6,449,3.8,"2,081"
40,"Golden Wolf Laptop Bag Anti-theft Backpack with Lock College School Laptop Backpack with Rain Cover Water Resistant Business Backpack with USB Port for 15.6-inch Laptop 25 L Travel Bag for Men, Dark Grey",https://www.amazon.in/Hoteon-Backpack-Anti-Theft-Earphone-Resistant/dp/B08HM4TQZZ,"1,946",4.4,"3,251"
41,Half Moon 45L Hammer Waterproof Laptop Travelling Rucksack Trekking Backpack for Travel Journey bags for Men Women Boys & Girls with 17.3inch Laptop Compartment & Rain cover,https://www.amazon.in/Half-Moon-Trekking-Bags-Compartment/dp/B08PSX1LN9,"1,299",4.1,"1,013"
42,DZert Clasy Laptop Bag College Bag for Boys Girls 21 L Nevy Blue,https://www.amazon.in/DZert-Girls-Polyester-White-Backpack/dp/B07H1BPCGQ,339,3.8,"2,292"
43,Gear Vintage2 Anti Theft Faux Leather 18 cms Tan Laptop Backpack,https://www.amazon.in/Gear-Vintage2-Leather-Backpack-LBPVG2LTH1901/dp/B07G4F3758,"1,075",4.3,"1,461"
44,F Gear Colorado Grey Orange 39 Ltrs Laptop Backpack (3814),https://www.amazon.in/Gear-Colorado-Orange-Laptop-Backpack/dp/B097K6KD7W,560,4.3,111
45,F Gear Yakuza Brown 34 liter Laptop Backpack Sch Bag,https://www.amazon.in/F-Gear-Yakuza-Brown-Laptop-Backpack/dp/B071VNWC1C,981.,4.4,801
46,Cosmus Vogue Casual Laptop Backpack with USB Charger Port 46cm 26 Litre Dark Grey College Bag,https://www.amazon.in/Cosmus-Casual-Backpack-Charger-College/dp/B08D7DTWLF,"1,181",4.2,"1,364"
47,American Tourister Spin 49 cms Teal Laptop Backpack,https://www.amazon.in/American-Tourister-FS0-11-001/dp/B07S13P8BW,"1,699",4.0,"1,432"
48,LL LEATHER LAND DESIGNER BAGS Women Sling Bag,https://www.amazon.in/LL-LEATHER-LAND-DESIGNER-BAGS/dp/B0BD4TTDHD,299,4.0,"1,630"
49,Greemito Multipurpose clothespin bag with hanger | Bathroom Organizer Hanging Bag | Hanging Net Bags For Vegetables and Fruits Storage | Pack of (2),https://www.amazon.in/Greemito-Multipurpose-clothespin-bag-Vegetables/dp/B08W8TY43R,299,4.2,37
50,"GoTrippin Waist Bags for Men Women- Premium Stitching, Branded Zippers, Waterproof pocket, RFID safe- Large Fanny pack for Hiking Travel Camping Running Sports Outdoors, Money Belt with Adjustable Strap (Polyester,Black)",https://www.amazon.in/GoTrippin-Camping-Outdoors-Polyester-Adjustable/dp/B088LHS5LP,999,4.4,"1,897"
51,Large 26L Ace Laptop Backpack Laptop Bag | Office Bag With USB Charging Port | College Bag,https://www.amazon.in/Ace-Laptop-Backpack-Charging-College/dp/B09ZB5HGWB,569,4.0,1
52,"F Gear Fortune Navy Blue, Red 27 Liters Laptop Backpack (2700)",https://www.amazon.in/F-Gear-Fortune-Backpack-Navy-Blue/dp/B07B7K7212,747,4.1,491
53,PACKNBUY Diaper Bag for Babies Mother Hospital Maternity Baby Bags (Blue),https://www.amazon.in/PACKNBUY-Diaper-Mother-Maternity-Backpack/dp/B07Z853TJN,"1,499",4.2,13
54,"uppercase Apex Professional Laptop Backpack (15.6 Inch) 3x more water resistant sustainable bags with rain proof zippers for Men, Women, Boys and Girls, 750 Days warranty",https://www.amazon.in/uppercase-Professional-Backpack-resistant-sustainable/dp/B0BR1D4SL1,"1,800",4.9,17
55,"Storite Pack of 2 Heavy Duty Canvas Grocery Shopping Bags with Reinforced Handles (40x20x33-cm, Green)",https://www.amazon.in/Storite-Grocery-Shopping-Reinforced-40x20x33-cm/dp/B079T66RBW,519,4.3,"2,105"
56,"MosQuick® Clear large Drawstring Bags Clear Plastic Travel Bags, Travel Garments Organizing Storage Plastic Bags ,Shoe bags , Stationery Bag,multipurpose bag - Translucent",https://www.amazon.in/MosQuick%C2%AE-Drawstring-Organizing-Stationery-multipurpose/dp/B09SB42QFQ,324,4.2,50
57,Wooum Water Resistant Material Sling Bag/One Side Bag/Shoulder Bag/Messenger Bag/Office Messenger Bag/Travel Side Bag with 14.1 Inch Laptop Compartment -,https://www.amazon.in/Wooum-Resistant-Material-Messenger-Compartment/dp/B09KV7Y3KL,474.,3.9,220
58,Tommy Hilfiger Connor 23 Ltrs Black Laptop Backpack (TH/CONNORLAP01),https://www.amazon.in/Hilfiger-Connor-Backpack-TH-CONNORLAP20/dp/B07N8HPP97,"1,559",4.1,151
59,"Arctic Hunter Backpack 15.6 Inch Laptop Bag Water-Resistant Slim Business Backpack for Office Travel School Smart Bag with USB Port for Men and Women, Black",https://www.amazon.in/Backpack-Business-Computer-Luggage-Resistant/dp/B084LBMKMT,"2,659",4.3,115
60,ADISA 15.6 inch Laptop Backpack Office Bag College Travel Back Pack 32 Ltrs BP032 (Teal-Red),https://www.amazon.in/ADISA-litres-Laptop-Backpack-Earphone/dp/B08RWCLFHY,499,4.0,164
61,Gear ECO1 24L Water Resistant Laptop Bag/Backpack/Office Bag for Men/Women- Grey-Black-Yellow,https://www.amazon.in/Gear-Polyester-Laptop-Backpack-LBPECONO10412/dp/B012NW0J30,854,4.2,"1,420"
62,"uppercase Laptop Backpack 1600EBP Compact 3x more water repellent sustainable bags with rain proof zippers for Men, Women, Boys and Girls , 750 Days warranty",https://www.amazon.in/uppercase-Backpack-1600EBP1-resistant-sustainable/dp/B0B68ZS5G1,950,4.2,171
63,Gear Compact Business 18L Water Resistant Laptop Bag/Backpack/Office Bag For Men/Women - Indiaink,https://www.amazon.in/Gear-Compact-Business-Backpack-BUSCOMPACT052/dp/B08D76WDTV,684,4.2,"1,084"
64,"WALKENT 15.6"" Laptop Bag 27L (Craft) Anti-Theft, Waterproof, Expandable, External USB for Office College Men Women",https://www.amazon.in/WALKENT-Craft-Laptop-Bag-Anti-Theft/dp/B0978JT5HR,"2,365",4.2,362
65,Half Moon 35 L Casual Water Resistant 15.6 inch Laptop Bag/Backpack for Men Women Boys Girls/Office School with Rain Cover (Black),https://www.amazon.in/Half-Moon-Resistant-Laptop-Backpack/dp/B09842K4RQ,699,3.9,300
66,Airish 45 ltrs (46 Cms)Backpack(ARU-202_Green),https://www.amazon.in/Casual-Travel-Backpack-School-College/dp/B09PVCF9F8,664,3.6,154
67,"Veneer Laptop Bag 15.6 Inch, Business Briefcase for Men Women, 15inch Water Resistant Messenger Shoulder Bag with Strap, Durable Office Bag, for Computer/Notebook/MacBook",https://www.amazon.in/Veneer-Business-Briefcase-Resistant-Messenger/dp/B08Z619V6Z,995,4.2,"2,992"
68,"uppercase Matrix Professional Anti-theft Laptop Backpack (15.6 Inch) 3x more water resistant sustainable bags with rain proof zippers for Men, Women, Boys and Girls, 750 Days warranty",https://www.amazon.in/uppercase-Professional-Anti-theft-resistant-sustainable/dp/B0BSH4H4DB,"2,300",4.2,12
69,HP 5 ltrs (2 cms)backpack(1D0M5PA_black),https://www.amazon.in/HP-Backpack-Laptop-Chromebook-1D0M5PA/dp/B08FM6X8KZ,"1,219",4.2,926
70,Wildcraft CL2 Laptop bagpack (Black),https://www.amazon.in/Wildcraft-CL2-laptop-bagpack-Black/dp/B00L14FKD6,"1,585",4.1,176
71,Half Moon 35 L Casual Water Resistant 15.6 inch Laptop Bag/Backpack for Men Women Boys Girls/Office School College Teens & Students with Rain Cover (Airport Blue),https://www.amazon.in/Half-Moon-Resistant-Laptop-Backpack/dp/B09B68N8LT,699,3.8,192
72,American Tourister Spin 49 cms Navy Laptop Backpack,https://www.amazon.in/American-Tourister-FS0-41-002/dp/B07S13B1HR,"1,699",4.2,"1,134"
73,Lavie Women's Mento Laptop Bag | Ladies Purse Handbag,https://www.amazon.in/Lavie-Womens-Laptop-Ladies-Handbag/dp/B0B7JJ8BB3,"1,749",4.8,8
74,Kore Regular Gym Bag,https://www.amazon.in/Kore-K-REGULAR-GYM-BAG-Regular-Gym-Bag/dp/B09VLK27NF,59,2.9,"3,848"
75,Protecta Oscar 360˚ Protection Waterproof 15.6 Inch Laptop Bag for Men & Women Ideal for Office & College with Soft Interiors & Retractable Handle - (Elephants Print),https://www.amazon.in/Protecta-Protection-Waterproof-Interiors-Retractable/dp/B0B6G648XY,"1,030",4.5,14
76,F Gear Samurai Black 30 liter Laptop Backpack Sch Bag,https://www.amazon.in/F-Gear-Samurai-Black-Laptop-Backpack/dp/B071F2M8CW,892,4.1,83
77,PAZZO Sky Tourister 22L (1 Compartment - Small Size for Daily Use) Casual Backpack with 1 Year Warranty (Blue),https://www.amazon.in/PAZZO-Sky-Tourister-22L-Compartment/dp/B07ZM9BL8Q,499,4.2,527
78,Wildcraft Streak 2.0 Plus Laptop Backpack 20L (Black),https://www.amazon.in/Wildcraft-Streak-Laptop-Backpack-Black/dp/B07YYLL4MP,"1,770",4.1,41
79,"Skybags Arthur 30 L Laptop Backpack (Grey), Free Size (PLBPARTHGRY)",https://www.amazon.in/Skybags-Arthur-Laptop-Backpack-Grey/dp/B07SRFGK6H,"1,499",3.9,587
80,Skybags New Neon 30 L Backpack (Purple),https://www.amazon.in/Skybags-New-Neon-Backpack-Purple/dp/B07SRHCF9R,999,4.3,100
81,xcluma Baby Diaper Nappy Changing Baby Diaper Bag Mother Bag Mummy Bag Handbag (4 Pcs Set- Pink),https://www.amazon.in/xcluma-Diaper-Changing-Mother-Handbag/dp/B07PFL5Z3W,999,4.3,"1,537"
82,Wildcraft 31.5 Ltrs Pack 2 Folk Navy Casual Backpack (12245_Folk_Navy)(HxWxD : 18.5x13x8)(inches),https://www.amazon.in/Wildcraft-Casual-Backpack-12245_Folk_Navy-HxWxD/dp/B083698S54,"1,535",4.3,66
83,wildcraft Nylon 40 ltrs Black Laptop Bag (Trident XL 2_Black),https://www.amazon.in/Wildcraft-Laptop-Trident-XL-2_Black/dp/B019DWD8SQ,"2,999",4.4,564
84,"HOUSAI: pack of 30 Plain white Paper Bags with Twisted Handles Suits in Gifting, Shopping & Food Packing, W/G/H = 8.5""X4""X11.5"" inch (Small)",https://www.amazon.in/HOUSAI-Twisted-Handles-Gifting-Shopping/dp/B09NW23HSV,558,3.9,9
85,"F Gear Talent Laptop Backpack With Rain Cover 32 Liters (Grey,Black)",https://www.amazon.in/F-Gear-Talent-Laptop-Backpack-Grey/dp/B078KS2FX1,931,4.4,"1,103"
86,Wildcraft Work Packs'18 25 Ltrs Blue Laptop Backpack (ACE),https://www.amazon.in/Wildcraft-Packs18-Laptop-Backpack-ACE/dp/B07GS9ZWFX,"1,630",3.6,10
87,"AirCase Laptop Bag Backpack Case Pouch for Laptop Backpack for Men & Women,Premium Vegan Leather",https://www.amazon.in/AirCase-Backpack-Lightweight-Waterproof-Spacious/dp/B0BS3QJNKT,929,2.7,4
88,Pinklips Shopping Blackpink Theme Fan Art Laptop Bag Casual School Backpack (COMBO OF 3-SIZE BAGS) - PINKBAGS_777,https://www.amazon.in/Pinklips-Shopping-Blackpink-Laptop-Backpack/dp/B0B7DL5GMY,"1,399",4.2,22
89,F Gear Colorado Navy Lmn yelw 39 Ltrs Laptop Backpack (3813),https://www.amazon.in/Gear-Colorado-Navy-Laptop-Backpack/dp/B097K6SPH7,761,4.2,89
90,"HAMMONDS FLYCATCHER Genuine Leather Laptop Bag for Men/Office Bag for Men, Brushwood | Fits Upto 14 Inch Laptop/MacBook | Leather Bag with Shoulder Straps | Laptop Messenger Bag/Leather Bag for Men",https://www.amazon.in/Hammonds-Flycatcher-Genuine-Brushwood-Messenger/dp/B0916G3WW7,"2,499",4.2,"1,243"
91,"AirCase Premium Canvas Backpack fits Upto 15.6"" Laptop, Lightweight & Easy to Clean, Spacious Bag for Office/ Travel/ College, Men & Women",https://www.amazon.in/AirCase-Backpack-Lightweight-Spacious-Warranty/dp/B0B2PCCXMN,999,4.7,4
92,"Storite PU Leather 14 inch Laptop Messenger Organizer Bag/Shoulder Sling Office Bag for Men & Women Notebook, Tablet Carrying Handbag (37x 27x7cm, Light Brown)",https://www.amazon.in/Storite-Leather-Laptop-Bag-inch/dp/B081GQJLD2,999,4.0,"1,566"
93,Aristocrat Unisex Black Premium Poleyester Fabric 26L Laptop Bags,https://www.amazon.in/Aristocrat-Unisex-Premium-Poleyester-Fabric/dp/B09ZV9MSFQ,807,3.8,44
94,"House of Quirk Clear Toiletry Bag, Wash Make Up Bag PVC Waterproof Zippered Cosmetic Bag, Portable Carry Pouch for Women Men (Set of 3 Bag Black)",https://www.amazon.in/House-Quirk-Toiletry-Waterproof-Zippered/dp/B09G364GX5,675,4.4,467
95,F Gear Millionaire Doby 36 Ltrs Black Laptop Backpack (3201),https://www.amazon.in/F-Gear-Millionaire-Doby-Black-Laptop-Backpack/dp/B07XMLCYTH,986,4.0,29
96,Tabelito® VOLT Casual waterproof Laptop Backpack/Office bag/School bag/College bag/Business bag/Unisex bag Travel bag Compatible with 15.6 inch Laptop 30L Bag for Men and Women - GREY,https://www.amazon.in/Tabelito%C2%AE-VOLT-waterproof-Backpack-Compatible/dp/B0BML7Q3J1,999,4.8,82
97,"Safari 48 Cms Black Formal/Office/Laptop Backpack With Anti-Theft, Lock, Usb And Rfid (Vault19Cbblk)",https://www.amazon.in/Safari-Formal-Backpack-Anti-Theft-VAULT19CBBLK/dp/B07XSTR69N,"1,499",4.0,819
98,"HAMMONDS FLYCATCHER Genuine Leather Laptop Bag for Men/Office Bag for Men, Brown | Fits Upto 16 Inch Laptop/MacBook | Leather Bag with Shoulder Straps | Laptop Messenger Bag/Leather Bag for Men",https://www.amazon.in/Hammonds-Flycatcher-Brown-Mens-Laptop/dp/B01LYDRI9V,"2,999",4.4,"2,371"
99,wildcraft Work Packs'18 21 ltrs red Laptop Backpack (Streak),https://www.amazon.in/Wildcraft-Packs18-Laptop-Backpack-Streak/dp/B07G7LDLJ7,"1,399",4.0,64
100,"Good Friends Blowzy Bags Laptop Messenger Bags for Men, Laptop Bags for Womens, Office Bags for Man, Laptop Briefcase, 15.6 inch Laptop Bag (Tan)",https://www.amazon.in/GOOD-FRIENDS-Blowzy-Messenger-Briefcase/dp/B088LG4CYY,527,3.8,39
101,Tommy Hilfiger Coppel 20 Ltrs Navy Laptop Backpack (TH/COPPELLAP08),https://www.amazon.in/Hilfiger-Coppel-Backpack-TH-COPPELLAP08/dp/B07GRCXMDW,"1,739",4.0,42
102,F Gear Amity 34 L Laptop Backpack,https://www.amazon.in/GEAR-Amity-Laptop-Backpack-Grey/dp/B0B4227KKN,780,4.0,3
103,Gear Aspire 30L Water Restant Office Laptop Bag/Backpack for Men/Women/(Black),https://www.amazon.in/Gear-Black-Laptop-Backpack-LBPASPIRE0104/dp/B075MK4TXP,"1,131",4.3,"5,168"
104,ADISA Laptop Backpack 31 Ltrs,https://www.amazon.in/ADISA-BP004-Weight-Casual-Backpack/dp/B07G3CG9FC,499,4.0,"9,085"
105,Wesley Milestone 15.6 inch 25 L Casual Waterproof Laptop Backpack/Office Bag/School Bag/College Bag/Business Bag/Unisex Travel Backpack,https://www.amazon.in/Wesley-Milestone-Waterproof-Backpack-Business/dp/B07PLKV6D1,473,4.3,"12,346"
106,"Safari Flash Casual Backpack, 26 ltr Water Resistant Travel Bags| Weight Polyester Bagpack for Men and Women, Spacious Shoulder Bag for College, Office, Travelling and Camping",https://www.amazon.in/Safari-Backpack-Resistant-Polyester-Travelling/dp/B09B29F66W,799,3.9,"2,430"
107,American Tourister Casual Backpack,https://www.amazon.in/American-Tourister-AMT-SCH-BAG01/dp/B07CJCFNZG,"1,139",4.1,"14,468"
108,F Gear Luxur Brown 25 liter Laptop Backpack (2404),https://www.amazon.in/F-Gear-Luxur-Brown-Backpack/dp/B01F7AX9ZA,"1,032",4.4,"16,468"
109,"Mi Step Out 12 L Mini Backpack (Small Size, Dark Blue, Water Repellant)",https://www.amazon.in/Step-Backpack-Small-Water-Repellant/dp/B088XH1BP7,299,4.1,"8,164"
110,Tommy Hilfiger Joshua 15 inch 21 Ltrs Light Grey Laptop Backpack (TH/JOSHUALAP07),https://www.amazon.in/Hilfiger-Joshua-Backpack-TH-JOSHUALAP01/dp/B07N8GRWTZ,"2,239",3.9,402
111,NIVIA Basic Duffle Polyester Bag/Gym Bags/Adjustable Shoulder Bag for Men/Duffle Gym Bags for Men/Fitness Bag/Carry Bags/Sports & Travel Bag/Sports Kit/Duffle Bags Travel,https://www.amazon.in/Nivia-6853-Polyester-Basic-Duffle/dp/B07FWQ9HRV,239,4.0,"3,117"
112,"Safari Quill Laptop Backpack 26 Ltrs Water Resistant Fabric - Blue, L (QUILL19CBBLU)",https://www.amazon.in/Safari-Laptop-Backpack-Resistant-Fabric/dp/B09B28TKLG,799,4.1,495
113,Zipline Unisex casual polyester 36 L Backpack School Bag Women Men Boys Girls children Daypack College Bag Book School Sports Bag Weekend Bag,https://www.amazon.in/ZIPLINE-Polyester-Backpack-Children-Daypack/dp/B07XVMR33Q,834,4.0,"5,135"
114,DEIN KLEIDER Men's Nylon Messenger Bag,https://www.amazon.in/gp/bestsellers/luggage/2917442031/ref=sr_bs_13_2917442031_1,349,4.0,"4,566"
115,"Wesley Unisex Milestone Casual Waterproof Laptop Office School College Business Travel Backpack 25 L (Dimensions: 12.5x18 inches) (Compatible with 15.6 inch laptops), Navy Blue",https://www.amazon.in/Wesley-Milestone-Waterproof-Backpack-Business/dp/B07K8KLB3P,448,4.3,"12,346"
116,ADISA 35L Large Laptop Backpack Office Bag College Travel Back Pack with rain Cover (Green),https://www.amazon.in/ADISA-Laptop-Backpack-Office-College/dp/B0BPVCBFM7,599,4.0,32
117,"Lenovo 15.6"" (39.62cm) Slim Everyday Backpack, Made in India, Compact, Water-resistant, Organized storage:Laptop sleeve,tablet pocket,front workstation,2-side pockets,Padded adjustable shoulder straps",https://www.amazon.in/Lenovo-15-6-Inches-Everyday-Backpack/dp/B08R7RPVJF,652,4.4,"2,726"
118,"Dell Pro Slim Backpack 15 - PO1520PS - Fits Most laptops up to 38.1 cm (15 inches, Black)",https://www.amazon.in/Dell-Pro-Slim-Backpack-15/dp/B07PMQTB6T,"1,599",4.3,399
119,"Tabelito® Casual Laptop Bag 15.6inch (39.6 cm) , 25 LTR Office College School Bags Business Travel Backpack for Men Women Water Resistant Bags(BLACK)",https://www.amazon.in/Tabelito-Laptop-Backpack-15-6-inch-Repellent/dp/B08Y5S6C2P,549,4.2,"1,599"
120,Wesley Spartan Unisex Travel Hiking Laptop Bag fits Upto 17.3 inch with Raincover and Internal Organiser Backpack Rucksack College Bag,https://www.amazon.in/Wesley-Spartan-Hiking-Raincover-Organiser/dp/B098QFF5TJ,790,4.1,"1,045"
121,ADISA 15.6 inch Laptop Backpack Office Bag College Travel Back Pack 32 Ltrs (z-Black),https://www.amazon.in/ADISA-Laptop-Backpack-College-z-Black/dp/B09TPY1G1W,499,3.8,567
122,AUXTER Faux Leather 23 Cms Duffle Bag(AUX_GB_LE_Black -SE_0521_Black),https://www.amazon.in/AUXTER-BLACKY-Duffel-Emboss-Black/dp/B07F2H25NP,376,4.3,"8,909"
123,AmazonBasics - Casual Backpack/Office Bag/ for a 15.6-inch Laptop,https://www.amazon.in/AmazonBasics-Casual-Backpack-Office-15-6-inch/dp/B09W4VMZ79,709,4.2,431
124,"Safari Spartan 21 Ltrs Water Resistant Backpack - Blue, S (SPARTAN19CBBLU)",https://www.amazon.in/Safari-Spartan-Water-Resistant-Backpack/dp/B09B26MB5M,599,3.8,681
125,DZert Kids School Bag Soft Plush Backpacks Cartoon Boys Girls Baby (2-5 Years),https://www.amazon.in/DZert-Fabric-Multicolour-Spiderman-Printed/dp/B07BNS3KNX,239,3.8,"1,400"
126,"Bennett Laptop Bag for Menं & Women 15.6 inch, 25 L Water Resistant Bag Laptop Apple/Dell/Lenovo/Asus/Hp/Samsung/Mi/MacBook/Ultrabook/Thinkpad/Ideapad/Surfacepro (Blue)",https://www.amazon.in/Bennett-15-6-inch-Repellent-Backpack-ben_cas_blue/dp/B09WZKB54G,512,4.0,436
127,Lenovo Casual Laptop Briefcase T210 (Toploader) 39.62 cm (15.6-inch) Water Repellent Black,https://www.amazon.in/Lenovo-Carrying-15-6-Inch-Toploader-GX40Q17229/dp/B075Y6Y9H5,799,4.2,"54,767"
128,NETTIE Cotton Carry Bag with Strap and Drawstring for Yoga Mat- Big Size,https://www.amazon.in/NETTIE-Cotton-Carry-Strap-Drawstring/dp/B08LBT1R9J,198,4.1,"1,006"
129,Bennett™ Mystic Unisex Adult Men's Laptop Bag 15.6 inch Side Shoulder Briefcase Satchel Messenger Business Bags for Men & Women Front Pocket for Laptop Accessories - Black (6 Month Warranty),https://www.amazon.in/BennettTM-Shoulder-Messenger-Repellent-Charcoal/dp/B09CV24TMK,512,4.1,"5,220"
130,"WILD MODA Women's Shoulder Bag, Set of 1",https://www.amazon.in/WILD-MODA-Womens-Shoulder-Turquoise/dp/B099PLT91X,849,4.3,"3,500"
131,NIVIA Beast Gym Bag-4 Polyester/Unisex Gym Bags/Shoulder Bag for Men & Women with Separate Shoes Compartment/Carry Gym Accessories/Fitness Bag/Sports & Travel Bag/Sports Kit,https://www.amazon.in/Nivia-5183-Polyester-Duffle-Medium/dp/B071KNXQ7Y,529,4.2,"3,764"
132,"Hammonds Flycatcher Genuine Leather Laptop Bag for Men/Office Bag for Men, Brown | Fits Upto 16 Inch Laptop/MacBook| Leather Bag with Shoulder Straps | Laptop Messenger Bag/Leather Bag for Men |",https://www.amazon.in/HAMMONDS-FLYCATCHER-Genuine-Shoulder-Messenger/dp/B07P2TQH78,"2,599",4.3,"4,687"
133,"PUJI Travel Duffel Bag, overnight shoulder Bag, weekender carry on for women, Women's travel bags Shoulder Weekender Overnight Bag for Women, sports Gym Bag, Sports Tote Gym Bag, workout duffel bag (SIMPLE BAG)( Multicolor )",https://www.amazon.in/PUJI-Bag-overnight-weekender-Multicolor/dp/B0B3RTVM2J,559,3.8,160
134,Puma Daypack IND I BLUE DANUBE,https://www.amazon.in/PUMA-Daypack-IND-BLUE-DANUBE-Peacoat/dp/B08BV1JYGK,449,4.0,80
135,LEADERACHI Women's Genuine Vintage Hunter Leather Shoulder Laptop Tote Bag,https://www.amazon.in/Leaderachi-Genuine-Vintage-Leather-Shoulder/dp/B07NDG5MYR,"3,492",4.3,25
136,Nivia 5177RD Polyester String Bag (Red),https://www.amazon.in/Nivia-5177RD-Polyester-String-Bag/dp/B07NNJKQQY,193,4.0,260
137,AWOKZA Weekender Bag-Overnight Bags for Men-Oxford Waterproof Travel Duffel Bag Portable Expandable Travel Bag Dry and Wet Separation Travel Overnight Bag (Green),https://www.amazon.in/AWOKZA-Bag-Overnight-Men-Oxford-Travel-Bag/dp/B0B9SX3S4J,"1,399",3.8,5
138,Tommy Hilfiger Orlean Plus Unisex Polyester Overnighter with 15 Inch Laptop Pocket Dark Black,https://www.amazon.in/Tommy-Hilfiger-Orlean-Polyester-Overnighter/dp/B0BDS1RVPP,"3,649",4.1,21
139,Hammonds Flycatcher Genuine Leather Executive Formal Convertable Office Bag | Backpack | Shoulder Laptop Messenger Bag For Men | MacBook | NoteBook Upto 16 Inch | Handbags with Shoulder Straps | 2 Main Compartments |ZIpper Trolley Straps |Brown| LB126BN,https://www.amazon.in/Hammonds-Flycatcher-Messenger-Compartment-LB126BN/dp/B07PVQ9YXJ,"5,199",4.3,46
140,Wesley Ignite Casual Waterproof Laptop Backpack/Office Bag/School Bag/College Bag/Business Bag/Travel Backpack (Dimensions:13x18.5 inches) (Compatible with 39.62cm(15.6inch laptop),https://www.amazon.in/Wesley-Waterproof-Backpack-Business-Dimensions/dp/B0BMQ4D59H,610,4.3,18
141,SKYBAGS Astro Airplane Theme Blue School Backpack 32L,https://www.amazon.in/SKYBAGS-Astro-Airplane-School-Backpack/dp/B084257XRD,"1,390",4.1,56
142,COSMUS Office Laptop Bag Epilax Laptop Messenger Bag,https://www.amazon.in/Cosmus-Office-Laptop-Epilax-Messenger/dp/B09SHW8J1L,"1,442",4.0,39
143,Crazyify Blue Elephant Printed Laptop Bag for Men & Women | Canvas Laptop Bags/Briefcase with Screen Size Up to 15.6 Inch,https://www.amazon.in/Crazyify-Elephant-Printed-Laptop-Briefcase/dp/B09Z2D3BZD,749,3.4,2
144,"American Tourister VALEX BLACK LAPTOP BACKPACK 28 Ltrs,Volume, LAPTOP COMPARTMENT, BOTTLE POCKET, FRONT ORGANIZER",https://www.amazon.in/American-Tourister-BACKPACK-COMPARTMENT-ORGANIZER/dp/B0BTD4S4XF,"1,299",4.1,8
145,"Tabelito® Casual 15.6 Inch Laptop Bag (39.6cm), 25 LTR Water Repellent Backpack Laptop Apple/ Dell/ Lenovo/ Asus/ Hp/ Samsung/ Mi/ MacBook/ Ultrabook/ Thinkpad/ Ideapad/ Surfacepro Men Women (Blue)",https://www.amazon.in/Tabelito-Laptop-Backpack-15-6-inch-Repellent/dp/B08Y3KCN32,549,4.2,"1,599"
146,Asus BP1504 39.62 cm (15.6-inch) Laptop Backpack (Dark Grey),https://www.amazon.in/Asus-BP1504-15-6-inch-Laptop-Backpack/dp/B0895ZZHKK,811,4.2,"1,534"
147,Trajectory 100% Vegan Leather 16 Inch Laptop Office Messenger bag for all laptop like Apple MacBook with 2 Years Warranty and Spacious Multiple Compartment with Expandable Bottom Used as Shoulder and Handbag for Men and Women,https://www.amazon.in/Trajectory-Elegant-15-6-Laptop-Office/dp/B09RK6NCGC,"1,399",4.2,312
148,Half Moon 30L Waterproof 15.6 inch Laptop Office School College Bag Backpack for Men Women Boys & Girls,https://www.amazon.in/Half-Moon-Waterproof-Laptop-Backpack/dp/B09QM9N1B3,589,3.6,361
149,"Nivia 5227 Pulse Junior Bag, Others (Orange) (Sky Blue)",https://www.amazon.in/Nivia-5227-Pulse-Junior-Others/dp/B08D7QG33Z,294,3.8,155
150,"Safari Sneak Casual Backpack with USB Charging Port 26 Ltrs Water Resistant Fabric - Grey, L (SNEAK19CBGRE)",https://www.amazon.in/Safari-Casual-Backpack-Charging-Resistant/dp/B09B2581S9,949,3.7,826
151,F Gear String 11 Ltrs Nylon Black Gym Bag,https://www.amazon.in/F-Gear-String-Polyester-33-cms-Black-Drawstring-Gym-Bag/dp/B07PC28YQ9,158,4.0,437
152,Safari Groove 35 Ltrs Water Resistant Backpack,https://www.amazon.in/Safari-Groove-Water-Resistant-Backpack/dp/B09B27WXSF,899,3.7,314
153,"Genie Flamenco Laptop Backpack for Women, 16 inches Office Bag, Sky Blue Stylish and Trendy Bag for Office and College",https://www.amazon.in/Genie-Flamenco2-Backpack-Compatible-Resistant/dp/B08YF1XJXY,640,4.4,"1,025"
154,NIVIA Deflate Round 01 Polyester Gym Bag/Unisex Gym Bags/Adjustable Shoulder Bag for Men/Duffle Gym Bags for Men/Carry Gym Accessories/Fitness Bag/Sports &Travel Bag/Gym kit Bag,https://www.amazon.in/Nivia-Deflate-5180BK-Polyester-Round/dp/B07222KX3S,449,4.2,"7,273"
155,Lify Women's Retro Large Size Canvas Shoulder Bag Hobo Crossbody Handbag Casual Tote - 1 Piece,https://www.amazon.in/Lify-Womens-Shoulder-Crossbody-Handbag/dp/B09JWMW646,320,3.8,"1,319"
156,"Wooum Gym Bag Sport Outdoor Bag, Shoulder Bag Side Bag with Separate Shoes Compartment Water Resistance - Dark Grey",https://www.amazon.in/Resistant-Duffle-Shoulder-Separate-Compartment/dp/B09KVBSG61,397.,4.2,466
157,"Safari Spartan 21 Ltrs Water Resistant Backpack - Teal, S (SPARTAN19CBTEA)",https://www.amazon.in/Safari-Spartan-Water-Resistant-Backpack/dp/B09B277CR5,599,3.8,647
158,Bennett™ Mystic 15.6 inch (39.6cm) Laptop Briefcase Shoulder Sling Office Business Professional Travel Messenger Bag for Men and Women Water Repellent Formal Executive Bags (Grey) 6 Months Warranty,https://www.amazon.in/BennettTM-Mystic-Shoulder-Messenger-Repellent/dp/B09321GJXZ,512,4.1,"5,220"
159,SBCOLLECTION,https://www.amazon.in/SBCOLLECTION-Casual-Messenger-zipper-pockets/dp/B0BXY7DPN5,179,4.0,4
160,HIMART Waterproof Multipurpose Zipper Cosmetic Travel Wash Bag Toiletry Makeup Organizer Portable Carry Bag Pouch Home & Travel Toiletry Bag for Women Girls. (Small White wash Bag),https://www.amazon.in/HIMART-Waterproof-Multipurpose-Cosmetic-Organizer/dp/B0BRTZGYZ4,299,3.3,5
161,KILLER Casual College Bags Munich 29L Trendy Polyester Laptop Backpack,https://www.amazon.in/KILLER-Polyester-Orange-Laptop-Backpack/dp/B07B516P18,"1,047",4.2,718
162,"Skybags Drip NXT 02 Unisex Daypack Backpack with Coin Pouch, Pink",https://www.amazon.in/Skybags-Unisex-Daypack-Backpack-Pouch/dp/B0BFX8KB23,"2,499",5.0,1
163,Szeentp DEEMOM Polyester 15 L Blue School Bag with Laptop Compartment (Black),https://www.amazon.in/DEEMOM-Polyester-School-Laptop-Compartment/dp/B08MYLMFGT,350,3.7,102
164,"Arctic Hunter Semi-hard Backpack with USB Port Bike Backpack for Men Business College Travel Laptop Bag Water-Resistant Computer Backpack College School Stylish Bag for Men Fits 15.6 Inch Laptop,Black",https://www.amazon.in/arctic-hunter-Water-Resistant-Business-Backpack/dp/B07TW76LWM,"2,564",4.1,131
165,F Gear Milestone Olive Casual 20 Ltrs Laptop Backpack (3376),https://www.amazon.in/F-Gear-Milestone-Casual-Laptop-Backpack/dp/B08FX1R6WY,"1,089",4.0,676
166,"Dyazo Unisex Sleek Light Laptop Notebook Shoulder Briefcase Bag for 11 Inch to 15.6 Inches Laptops Compatible for MacBook, Ultrabook, Dell, Lenovo, Compaq, Hp Computers and Other Laptops (Blue)",https://www.amazon.in/Dyazo-Laptop-Briefcase-Compatible-Ultrabook/dp/B08W68TB6K,599,3.8,619
167,Birthday Popper Drawstring Sack Bag (Set of 15) Birthday Return Gifts for All Age Group,https://www.amazon.in/gp/bestsellers/luggage/2917503031/ref=sr_bs_8_2917503031_1,599,4.0,716
168,"ZOUK Laptop Bag for Women - Handmade Bag for 15.6 inch Laptop, MacBook - Vegan Leather Office Bags with Detachable Shoulder Strap - Perfect Handbag for Ladies - Jet Black",https://www.amazon.in/ZOUK-Laptop-Bag-Women-Detachable/dp/B08PKXMZ2P,"1,899",4.9,9
169,F Gear Sedna 27 Liters Laptop Backpack Sch Bag(Brown),https://www.amazon.in/F-Gear-Sedna-Laptop-Backpack-Brown/dp/B072N83D9M,926,4.1,156
170,"Oscaurt Travel Laptop Backpack, Business High School College Bookbag,Slim Daypack for Women & Men Fit 15.6 Inches Laptop",https://www.amazon.in/Anti-Theft-Backpack-Business-Charging-Student/dp/B07RSJNNZS,949,4.4,891
171,Gear Compact Business 18L Water Resistant Laptop Bag/Backpack/Office Bag for Men/Women-Black,https://www.amazon.in/Gear-Compact-Business-Backpack-BUSCOMPACT001/dp/B08D73QVTD,759,4.3,557
172,Red Lemon BANGE Executive Leader Premium Laptop Backpack for men Leather Bag Expandable Polyester 2 in 1 Outdoor Travel Laptop Backpack fits 15.6 inch Laptops (Black),https://www.amazon.in/Red-Lemon-Executive-Expandable-Polyester/dp/B0BLSD79SN,"4,999",4.0,2
173,"Aepigo Men's and Women's Sling Messenger Bag Leather Men Bag Casual Business Messenger Bag for Cross body Bag Male Shoulder Bags Leather Sling Messenger Bag (Brown, L- 10.05inch H- 11.5inch W- 3inch)",https://www.amazon.in/Aepigo-Genuine-Leather-Messenger-10-5inch/dp/B0953Q6QVN,917,3.9,162
174,DZert Clasy Laptop Bag College Bag for Boys Girls 21 L Blue White,https://www.amazon.in/DZert-School-Polyester-Backpack-White/dp/B07GXYHFCY,296,3.8,"2,292"
175,"BESTAQUA Large Capacity Cosmetic Travel Bag, Women's Makeup Travel Bag Portable Leather Cosmetics Bag, Makeup Storage Bags with Handle and Divider,Makeup Organizer Bags(Multi)",https://www.amazon.in/BESTAQUA-Capacity-Cosmetic-Cosmetics-Organizer/dp/B0BW62ZR8N,799,1.0,1
176,"SIDRUM WF-18 DSLR/SLR Camera Shoulder Bag Case with Adjustable Shoulder Strap & Rain Cover, Compatible for Nikon, Canon, Sony Mirrorless Cameras - Waterproof - Breathable - Anti Shock (Orange-Black)",https://www.amazon.in/SIDRUM-Shoulder-Adjustable-Compatible-Mirrorless/dp/B09P74TZY8,664,4.4,913
177,motherly 25 ltrs (25 Cms) backpack(5860_grey),https://www.amazon.in/Motherly-Stylish-Babies-Diaper-Mothers/dp/B07DMKJJB4,"1,736",4.5,"5,479"
178,"Fur Jaden 15.6 Inch Laptop Backpack 25 LTR Bag for School, College and Office with USB Charging Port",https://www.amazon.in/Fur-Jaden-Charging-Waterproof-BM36_BlueZip/dp/B07MXM5M99,489,3.9,"9,941"
179,Li-Ning Raider Max Double Zipper Polyester Badminton Kit Bag (Blue),https://www.amazon.in/Li-Ning-Raider-Double-Polyester-Badminton/dp/B09VDQRFRV,"1,516",4.4,379
180,ADISA Women Girls Floral Print Sling Bag,https://www.amazon.in/ADISA-Women-Girls-Floral-SL5072-CRE_Cream/dp/B09B56BCXR,549,4.2,"1,212"
181,Gear Vintage2 28L Faux Leather Water Resistant Anti Theft Laptop Bag/Backpack for Men/Women-Black,https://www.amazon.in/Gear-Vintage2-Leather-Backpack-LBPVG2LTH0101/dp/B07G44G1DC,"1,030",4.4,"1,689"
182,FUR JADEN 15.6 Anti Theft Laptop Backpack with USB Charging Port Unisex Bag for College Office Suitable for Men Women,https://www.amazon.in/FUR-JADEN-Waterproof-Charging-BM25_Grey/dp/B07FM9BSKW,789,4.0,"5,809"
183,Cosmus Vogue Casual Laptop Backpack with USB Charger Port 44cm 26 Litre Grey College Bag,https://www.amazon.in/Cosmus-Casual-Backpack-Charger-College/dp/B08D7D21FV,"1,181",4.2,"1,364"
184,Gear Workspace 18L Water Resistant Laptop Bag/Backpack/Office Bag for Men/Women-Black,https://www.amazon.in/Gear-Workspace-Briefcase-Black-Red-BKPWRPHYD0101/dp/B097KGL2M5,899,4.2,286
185,Puma Unisex teamGOAL 23 Backpack Core Black X,https://www.amazon.in/Puma-76855-teamGOAL-Backpack-Core/dp/B07XJPLL27,939,4.3,"2,621"
186,Lenovo Casual Laptop Backpack B210 15.6-inch(39.6cm) Water Repellent Black,https://www.amazon.in/Lenovo-Laptop-Backpack-15-6-Inch-GX40Q17225/dp/B075Y72PHZ,799,4.2,"54,767"
187,Lavie Women's Nova Tote Bag | Ladies Purse Handbag,https://www.amazon.in/YuvKuz-TM-Infocus-Digitizer-Assembly/dp/B07MXNWTB2,989,4.2,"7,456"
188,"Bennett Casual Laptop Bag school bags for boys girls 15.6-inch, 25 LTR Office & College bags for mens Water Repellent Backpack for Men & Women (GREY)",https://www.amazon.in/Bennett-15-6-inch-College-Repellent-Backpack/dp/B09WZKHSDR,512,4.0,436
189,"Bennett Casual Laptop Bag school bags for boys girls 15.6-inch, 25 LTR Office & College bags for mens Water Repellent Backpack for Men & Women (Black)",https://www.amazon.in/Bennett-15-6-inch-College-Repellent-Backpack/dp/B09WZHX3B1,512,4.0,436
190,Safari Prisma 32 Ltrs Black Casual Backpack (PRISMA19CBBLK),https://www.amazon.in/Safari-Black-Casual-Backpack-PRISMA19CBBLK/dp/B07HN5TMQL,899,3.9,846
191,"Amazon Brand - Solimo Laptop Backpack for 15.6-inch Laptops (27 litres, Black)",https://www.amazon.in/Amazon-Brand-Backpack-15-6-inch-Laptops/dp/B076QFBFRG,429,3.9,"1,241"
192,motherly Diaper Bags for Mom Travel Basic Edition (Navy Blue),https://www.amazon.in/Motherly-Diaper-Bags-Travel-Basic/dp/B07PKQ3WJZ,"1,536",4.5,"2,333"
193,Nivia Polyester String Bag,https://www.amazon.in/Nivia-String-5177NB-Polyester-Navy/dp/B071H3HLVV,193,4.1,994
194,"TRAWOC 55 LTR Travel Backpack Daypack bag for Camping Hiking Trekking, English Blue, SHK014",https://www.amazon.in/TRAWOC-Backpack-Outdoor-Trekking-Rucksack/dp/B07XY6BFXJ,"1,417",4.2,"2,378"
195,DZert Clasy Laptop Bag College Bag for Boys Girls 21 L Black,https://www.amazon.in/DZert-Polyester-Black-White-Laptop/dp/B07H193V57,299,3.8,"2,292"
196,ADISA 35L Large Laptop Backpack Office Bag College Travel Back Pack with rain Cover (Black),https://www.amazon.in/ADISA-Laptop-Backpack-Office-College/dp/B0BPTV3795,599,4.0,32
197,"Wesley Milestone 2.0 Casual Waterproof Laptop Backpack/Office Bag/School Bag/College Bag/Business Bag/Travel Backpack (Dimensions:13x18 inches) (Compatible with 39.62cm(15.6inch laptop) 30 L, Charcoal black",https://www.amazon.in/Wesley-Milestone-Waterproof-Backpack-Business/dp/B085S444JV,565,4.3,"9,817"
198,Asus ROG BP1501 39.62 cm (15.6-inch) Gaming Laptop Backpack (Black),https://www.amazon.in/BP1501-15-6-inch-Gaming-Laptop-Backpack/dp/B081RLHHCY,"1,499",4.3,875
199,Lunar's Comet 35L Water Resistant Travel Bagpack/College Backpack/School Bag/Office Bag/Business Backpack/Daypack for Men and Women with 1 Year Warranty,https://www.amazon.in/Lunars-Comet-Resistant-Casual-Backpack/dp/B07WNFN1XS,799,4.0,"12,986"
200,House of Quirk Baby Diaper Bag Maternity Backpack,https://www.amazon.in/House-Quirk-Maternity-Backpack-Elephant/dp/B07QV7SH4S,"1,199",4.4,967
201,Wildcraft Work Packs'18 21 Ltrs Black Laptop Backpack (Streak Plus),https://www.amazon.in/Wildcraft-Packs18-Laptop-Backpack-Streak/dp/B07FC4D9B5,"1,699",4.4,"1,905"
202,Amazon Brand - Solimo Sling Bag (Maroon),https://www.amazon.in/Amazon-Brand-Solimo-Sling-Maroon/dp/B07S63LC4P,219,3.9,239
203,Tabelito® Laptop Bag For Men and women Briefcase 15.6 Inch (39.6 cm) Messenger Side Shoulder Travel bags for mens Water Resistant gifts office bag for men,https://www.amazon.in/Tabelito-Office-Laptop-Briefcase-Women/dp/B08FKXCJNQ,549,4.0,"2,454"
204,"House of Quirk Electronics Accessories Organizer Bag, Universal Carry Travel Gadget Bag for Cables, Plug and More, Perfect Size Fits for Pad Phone Charger Hard Disk - Dark Blue",https://www.amazon.in/House-Quirk-Electronics-Accessories-Organizer/dp/B07MMGBD1J,499,4.3,"6,760"
205,"Safari Seek 32 Ltrs Overnighter Travel Laptop Backpack (Blue), Water Resistant Spacious Bag for Travelling and Camping, All-Purpose Bag for Business & Leisure",https://www.amazon.in/Safari-Overnighter-Resistant-Travelling-All-Purpose/dp/B097JM98M1,"1,670",4.3,76
206,"uppercase Medium 23 Ltrs Tall Boy (14.6 inch) Laptop Backpack 2500EBP1 3x more water resistant sustainable bag with rain proof zippers for Men, Women, Boys and Girls, 750 Days warranty",https://www.amazon.in/uppercase-Backpack-2500EBP1-resistant-sustainable/dp/B0BTDB674X,"1,700",4.1,186
207,"Genie Clara Backpack for Women - 3 compartments, Laptop Bags for Girls, Stylish and Trendy College Backpacks for Girls, Water Resistant and Lightweight Bags for Office and Travelling Purpose.",https://www.amazon.in/Genie-Clara-Backpack-Women-compartments/dp/B097JJGR1N,"1,025",4.2,57
208,Gear Vintage2 28L Faux Leather Water Resistant Anti Theft Laptop Bag/Backpack for Men/Women-Navy,https://www.amazon.in/Gear-Vintage2-Leather-Backpack-LBPVG2LTH0501/dp/B07G4HH78P,"1,030",4.4,"3,134"
209,POLICE Polyester 35 Ltr Laptop Big Low Spec Laptop Backpack - Black/Navy,https://www.amazon.in/Police-Polyester-Laptop-Spec-Backpack/dp/B07ZB8NWTZ,"1,569",3.3,188
210,COSMUS Vogue Casual Laptop Backpack with USB Charger Port 46cm 26 Litre Maroon College Bag,https://www.amazon.in/Cosmus-Casual-Backpack-Charger-College/dp/B09HX54TGF,"1,181",4.2,"1,364"
211,Wildcraft Turnaround Polyester 14 inch 27 Ltrs Blue Laptop Bag (8903340000000),https://www.amazon.in/Wildcraft-Turnaround-Polyester-Laptop-8903340000000/dp/B012D4QWES,"1,895",4.3,"3,230"
212,Lenovo Everyday Laptop Backpack B515 15.6-inch Water Repellent Black,https://www.amazon.in/Lenovo-Laptop-Everyday-Backpack-Black/dp/B07GM5NR14,890,4.1,"3,668"
213,"SACCI MUCCI Women's Rainbow Sling Bag, Handmade Bags for Females - 100% Vegan Leather and Coated Duck canvas Fabric, Lightweight and Durable",https://www.amazon.in/gp/bestsellers/shoes/1983357031/ref=sr_bs_12_1983357031_1,449,4.2,657
214,"Golden Wolf Backpack 35L Expandable Travel Backpack for Men and Women Anti-theft Laptop Bag with Lock Water-resistant Convertible Backpack with USB Port Travel Business College Bag for Men,Black",https://www.amazon.in/Anti-Theft-Backpack-Expandable-Water-resistant-Convertible/dp/B0B6FZ3YNV,"2,564",4.4,37
215,Gear Classic 20L Faux Leather Water Resistant Anti Theft Laptop Bag/Backpack for Men/Women-Black,https://www.amazon.in/Gear-Classic-Leather-Backpack-LBPCLSLTH0101/dp/B07G4D13LB,"1,030",4.4,"2,611"
216,"FUR JADEN Travel Laptop Backpack, Business Backpacks with USB Charging Port, Water Resistant College School Computer Bag for Men & Women Fits Under 15.6 inch Laptop and Notebook",https://www.amazon.in/Backpack-Business-Backpacks-Charging-Resistant/dp/B094DGXXR5,989,4.1,107
217,ADISA 35L Large Laptop Backpack Office Bag College Travel Back Pack with rain Cover (Navy),https://www.amazon.in/ADISA-Laptop-Backpack-Office-College/dp/B0BPTT2HZY,599,4.0,32
218,URBAN WOLF 30L Casual Dual Compartment Water Resistant Laptop Backpack Unisex Bags for Office/ Travel/ Business/ College/ School (Black),https://www.amazon.in/Business-Casual-Compartment-Resistant-Backpack/dp/B08N6HSJJ5,719,4.0,923
219,KILLER Louis 38L Large Laptop Backpack With 3 Compartments Polyester Trendy Waterproof Travel Backpack,https://www.amazon.in/Killer-Backpack-Compartments-Polyester-Waterproof/dp/B07CDD6YS2,"1,664",4.4,"11,120"
220,Victorinox Nylon Black Laptop Bag (31322601),https://www.amazon.in/Victorinox-Nylon-Black-Laptop-31322601/dp/B004UCORV2,"25,320",4.5,11
221,"POLESTAR Leader 34 L Bag for College, School, Office, Casual Multipurpose Backpack with 15.6"" Laptop Compartment, Water Resistant, Unisex Design, Stylish & Durable, 1 Year Warranty",https://www.amazon.in/POLESTAR-backpack-Backpack-College-Students/dp/B08X2JSJ6N,599,4.1,"3,430"
222,Wildcraft 35 Ltrs 18.5 cms Backpack (11911 Grey_Grey),https://www.amazon.in/Wildcraft-Solid-Backpack-Grey-11911/dp/B07N1CM9QS,"1,266",4.2,160
223,"Arctic Hunter Sling Bag for Men,Chest Bag for Men Crossbody Bag for Men Stylish Shoulder Bag for Men Water&Scratch Resistant,Anti-Theft Mens Sling Bag Side Bag with USB Charging Port Earphone Port Fit Up to 10inch iPad.Black",https://www.amazon.in/Scratch-Resistant-Anti-Theft-Shoulder-Earphone/dp/B084RHGTCQ,"1,804",4.5,529
224,SBCOLLECTION Premium School College Office Laptop Daily Use Backpack for All Day Traveler,https://www.amazon.in/SBCOLLECTION-Premium-Backpack-Water-Resistance-Business/dp/B0BXL5B1J4,229,4.5,3
225,Li-Ning Panther Double Zipper Polyester Badminton Kit Bag,https://www.amazon.in/gp/bestsellers/sports/3403740031/ref=sr_bs_9_3403740031_1,999,4.3,316
226,Lavie Women's Broxa Flap Over Sling Bag | Ladies Purse Handbag,https://www.amazon.in/gp/bestsellers/shoes/1983351031/ref=sr_bs_10_1983351031_1,999,4.2,"5,681"
227,"Renva Large Capacity Cosmetic Travel Bag, Women's Makeup Travel Bag Portable Leather Cosmetic Bag, Makeup Storage Bags with Handle and Divider,Makeup Organizer Bags (1 pcs, Black)",https://www.amazon.in/Capacity-Cosmetic-Portable-Leather-Organizer/dp/B0BTDKL3KX,629,4.1,18
228,Wesley office Laptop Bag briefcase notebook professional business 15.6 Inch Briefcase messenger sling Water resistant Laptop Bag Tablet Business Carrying Handbag for Women and Men (Charcoal Black),https://www.amazon.in/Wesley-briefcase-professional-Briefcase-messenger/dp/B0BJVDN7VT,498,4.0,"1,177"
229,Tabelito® Casual 15.6 Inch (39.6 cm) Water Repellent Laptop Backpack Office College School Business Travel Bag Suitable for Men Women Boys & Girls Capacity 25 Litre (Grey),https://www.amazon.in/Tabelito-Laptop-Backpack-15-6-inch-Repellent/dp/B08Y3L4PHK,549,4.2,"1,599"
230,"Arctic Hunter Mens Sling Bag Small Chest Bag Shoulder Bag Mobile Bag Side Bag for Men with Earphone Port Water Resistant for Everyday Use Small Items and Small Electronic Product,Black",https://www.amazon.in/Resistant-Outdoor-Shoulder-Unbalance-Earphone/dp/B07TT785P7,"1,139",4.2,547
231,"AirCase Office Sling Messenger Bag fits upto 15.6"" Laptop/Macbook, Detachable Shoulder Strap, Waterproof, Shockproof, Spacious Pockets for Office/Travel, Black- With Warranty",https://www.amazon.in/AirCase-C30-Messenger-Compartments-Multi-Pockets/dp/B07V47HHRG,"1,451",3.8,"1,165"
232,Bagneeds Men's Black Synthetic Leather Briefcase Best Laptop Messenger Bag Satchel for Men,https://www.amazon.in/gp/bestsellers/computers/1375466031/ref=sr_bs_0_1375466031_1,664,4.1,"3,851"
233,"Mi Step Out 12 L Mini Backpack (Small Size, Red, Water Repellant)",https://www.amazon.in/Step-Backpack-Small-Water-Repellant/dp/B088XG77KN,249,4.1,"8,164"
234,F Gear Enzo Sports Waist Bag (.Black Blue),https://www.amazon.in/F-Gear-Enzo-Black-Blue-Waist-Bag/dp/B0862LXJYT,200,4.2,"1,111"
235,"Medela Breastmilk Storage Bags,White, 25 Pieces",https://www.amazon.in/Medela-Breastmilk-Storage-Bags-Pieces/dp/B075R5R1LR,840,4.7,"2,939"
236,ZOUK Black Floral Printed Handmade Vegan Leather Women's Office Bag for 15.6 inch Laptop with Double Handles - FloMotif,https://www.amazon.in/FloMotif-Business-Shoulder-material-resistant/dp/B07NHYLTY7,"1,699",4.4,"1,845"
237,Protecta The Professional Laptop Bag Briefcase for Laptops with Screen Size Up to 15.6 Inch (Black & Indian Geometric Print),https://www.amazon.in/Protecta-Professional-15-6-inch-Briefcase-Geometric/dp/B07GNCRCP4,674,4.4,"1,412"
238,"Luv Lap Baby Breast Milk Storage Bags (Pack of 50), BPA Free Disposable Milk Freezer Bags for Breast Feeding, Transparent",https://www.amazon.in/Storage-Disposable-Freezer-Feeding-Transparent/dp/B099ZVTNCP,569,4.4,563
239,Half Moon Curiosity 35L Travel Laptop College School Backpack Water Resistant Slim Durable Fits 15.6 Inch Laptop Notebook with Rain cover (Navy Blue),https://www.amazon.in/Half-Moon-Curiosity-Backpack-Resistant/dp/B09S3ZK3N1,849,3.7,170
240,"POLESTAR Ranker 15.6 inch 32 LTR Casual Laptop Backpack/Office Bag/School Bag/College Bag/Business Bag/Unisex Backpack, Water Resistant and Light Weight, 1 year Warranty",https://www.amazon.in/POLESTAR-%C3%82-POLESTAR-Ranker-Bagpack-Backpack/dp/B084C84GTR,669,4.1,"7,614"
241,"Roop Fashion Plain Chain Drawstring Bag, Multipurpose Unisex Drawstring, Gym, Travel, Hiking, Camping, Summer Camp and More Outdoor Activities, Multicolor Bag",https://www.amazon.in/Roop-Fashion-Drawstring-Multipurpose-Activities/dp/B0847L8W6N,199,3.1,50
242,"Zipline Synthetic Leather Executive SMALL messenger bag Briefcase for upto 13"" Laptop/Tablet for men women with multiple compartments (1-Tan Bag)",https://www.amazon.in/Leatherette-Executive-messenger-multiple-compartments/dp/B099NM8621,938,3.9,366
243,Dell Essential Backpack 15 (ES1520P),https://www.amazon.in/Dell-Essential-Backpack-15-ES1520P/dp/B07TTCXHRH,"1,290",4.0,"5,577"
244,"SKYTONE Large Capacity Cosmetic Travel Bag, Women's Makeup Travel Bag Portable Leather Cosmetics Bag, Makeup Storage Bags with Handle and Divider, Wide Opening Cosmetic/Makeup Organizer (Pink)",https://www.amazon.in/SKYTONE-Cosmetic-Bag-Cosmetics-Organizer/dp/B0BV358QKF,749,3.6,22
245,"AirCase Office Messenger Sling Bag fits upto 15.6"" Laptop/Macbook, Detachable Shoulder Strap, Waterproof, Shockproof, Carry Handle with Spacious Pockets, For Men & Women, Blue- with Warranty",https://www.amazon.in/AirCase-C25-Messenger-Shoulder-Compartments/dp/B07X6DV3VM,949,3.9,"1,267"
246,"Storite Stylish Small PU Leather Sling Cross Body Travel Office Messenger One Side Shoulder Bag for Men Women(Brown, 20.5x9x16.5cm)",https://www.amazon.in/Storite-Leather-Sling-Bag-Brown/dp/B08TR8RMNH,799,4.1,828
247,Heart Home Rexien Disney Mickey Mouse Printed Kids School Bag|Zipper Closure With 3 Comparments|Size 27 x 22 x 40 CM (Green)-HS_38_HEARTH21105,https://www.amazon.in/Heart-Home-Printed-Backpack-HS_38_HEARTH21105/dp/B095CGX9RT,697,3.9,182
248,Wildcraft Hopper 1.0 Laptop Backpack 24L (Black),https://www.amazon.in/Wildcraft-Hopper-Laptop-Backpack-Black/dp/B07YNKY9PN,"1,390",4.2,2
249,"Osaka Pro Series-11 Waterproof DSLR Backpack Camera Bag, Lens Accessories Carry Case for Nikon, Canon, Olympus, Pentax & Others-Made in India",https://www.amazon.in/Osaka-Pro-Waterproof-Accessories-Others-Made/dp/B081Z1TVPQ,865,3.9,566
250,Kuber Industries Rexine Lightweight Travel Toiletry Bag Shaving Kit with Carrying Strap (Grey) 54KM4283,https://www.amazon.in/Kuber-Industries-Lightweight-Toiletry-Carrying/dp/B0B45QRYHY,231,4.0,36
251,Gear ECO 1 Black Orange Red Laptop Backpack,https://www.amazon.in/Gear-Polyester-Laptop-Backpack-LBPECO1000109/dp/B012NW1H1I,854,4.3,"1,357"
252,Aristocrat Unisex Black Oxford Fabric 28.82L Laptop Bags,https://www.amazon.in/Aristocrat-Unisex-Oxford-Fabric-28-82L/dp/B09ZV86P4S,758,3.5,44
253,Gear Parker 23L Water Resistant Anti Theft Laptop Bag/Backpack for Men/Women - Black,https://www.amazon.in/Gear-Executive-Anti-Theft-Backpack-BKPPKREXE0101/dp/B097KCMQKG,702,4.3,325
254,Wildcraft Hopper 1.0 Laptop Backpack 24L (Blue),https://www.amazon.in/Wildcraft-Hopper-Laptop-Backpack-Blue/dp/B07YNL6H8H,"1,390",4.5,2
255,"Arctic Hunter Laptop Backpack, Premium Business Backpack Office Travel Laptop Bag with 15.6-inch Laptop Pocket Water/Scratch-resistant Multiple Pocket Comfortable and Thick, Large Capacity Padded Backpack for Men and Women",https://www.amazon.in/Backpack-Business-Scratch-resistant-Multiple-Comfortable/dp/B0B6FNPN76,"5,699",4.3,65
256,"SAEKOS Minnie pop it Bag | Fidget Popit Stylish Backpack Shoulder Bag | Cute Silicone Purse, Pouch | for Kids, Women | Black Red (Pack of 1)",https://www.amazon.in/SAEKOS-Stylish-Backpack-Shoulder-Silicone/dp/B0B3D9B2D4,389,4.0,22
257,Gear Bounce 27 Ltrs Water Resistant School Bag/Backpack/College Bag for Men/Women-Grey Orange,https://www.amazon.in/Gear-Bounce-Backpack-Grey-Orange-BKPBOUNCE0604/dp/B097KCLF5F,629,3.6,380
258,ADISA 32L Large Laptop Backpack Office Bag College Travel Back Pack with rain Cover (Navy),https://www.amazon.in/ADISA-Laptop-Backpack-Office-College/dp/B0BVRJYD9Q,599,4.4,5
